<?xml version="1.0" encoding="UTF-8" ?>
<!DOCTYPE mapper
PUBLIC "-//mybatis.org//DTD Mapper 3.0//EN"
"http://mybatis.org/dtd/mybatis-3-mapper.dtd">
<mapper namespace="visit">
	<select id="visit_list" resultType="visit">
		select * from visit order by idx desc
	</select>
	
	<!-- 새글 추가하기 -->
	<insert id="visit_insert" parameterType="visit">
		insert into visit values(
				seq_visit_idx.nextVal,
				#{name},
				#{content},
				#{pwd},
				#{ip},
				sysdate,
				#{filename}
		)
	</insert>
	<!-- 삭제 -->
	<delete id="visit_delete" parameterType="java.util.HashMap">
		delete from visit where idx =#{idx} and pwd =#{pwd}
	</delete>
	
	
	<!-- 수정시 필요한 idx 값 가져오기 -->
	<select id="visit_one" resultType="visit" parameterType="int">
		select * from visit where idx =#{idx}
	</select>
	
	
	
	<!-- 수정 -->
	<update id="visit_update" parameterType="visit">
		update visit set
			content = #{content},
			pwd=#{pwd},
			ip=#{ip},
			regdate=sysdate
			where idx=#{idx}
	</update>

</mapper>












